<?xml version="1.0" encoding="UTF-8"?>
<!DOCTYPE configuration>
<configuration scan="true" scanPeriod="30 seconds">
    <jmxConfigurator/>
    <springProfile name="dev">
        <appender name="console" class="ch.qos.logback.core.ConsoleAppender">
            <encoder>
                <pattern>[%d{yyyy-MM-dd HH:mm:ss.SSS}][%thread][%p][%logger{0}] %m%n</pattern>
                <charset>UTF-8</charset>
            </encoder>
        </appender>
        <logger name="com.apache.ibatis" level="TRACE"/>
        <logger name="java.sql.Connection" level="DEBUG"/>
        <logger name="java.sql.Statement" level="DEBUG"/>
        <logger name="java.sql.PreparedStatement" level="DEBUG"/>
        <root level="debug">
            <appender-ref ref="console"/>
        </root>
    </springProfile>
    <springProfile name="test">
        <!--定义日志文件的存储地址 勿在 LogBack 的配置中使用相对路径 -->
        <property name="LOG_HOME" value="/logs/dmap/data-accept-server"/>
        <!-- 控制台输出 -->
        <appender name="console" class="ch.qos.logback.core.ConsoleAppender">
            <encoder class="ch.qos.logback.classic.encoder.PatternLayoutEncoder">
                <!--格式化输出：%d表示日期，%thread表示线程名，%-5level：级别从左显示5个字符宽度%msg：日志消息，%n是换行符 -->
                <pattern>%d{yyyy-MM-dd HH:mm:ss.SSS} [%thread] %-5level %logger{50} -%msg%n</pattern>
            </encoder>
        </appender>
        <!-- 按照每天生成日志文件 -->
        <appender name="INFO" class="ch.qos.logback.core.rolling.RollingFileAppender">
            <filter class="ch.qos.logback.classic.filter.LevelFilter">
                <level>INFO</level>
                <onMatch>ACCEPT</onMatch>
                <onMismatch>DENY</onMismatch>
            </filter>
            <rollingPolicy class="ch.qos.logback.core.rolling.TimeBasedRollingPolicy">
                <!--日志文件输出的文件名 -->
                <FileNamePattern>${LOG_HOME}/info_%d{yyyy-MM-dd}.log</FileNamePattern>
                <!--日志文件保留天数 -->
                <MaxHistory>7</MaxHistory>
            </rollingPolicy>
            <encoder>
                <pattern>[%d{yyyy-MM-dd HH:mm:ss.SSS}][%thread][%p][%logger{0}] %m%n</pattern>
                <charset>UTF-8</charset>
            </encoder>
        </appender>
        <appender name="DEBUG" class="ch.qos.logback.core.rolling.RollingFileAppender">
            <filter class="ch.qos.logback.classic.filter.LevelFilter">
                <level>DEBUG</level>
                <onMatch>ACCEPT</onMatch>
                <onMismatch>DENY</onMismatch>
            </filter>
            <rollingPolicy class="ch.qos.logback.core.rolling.TimeBasedRollingPolicy">
                <!--日志文件输出的文件名 -->
                <FileNamePattern>${LOG_HOME}/debug_%d{yyyy-MM-dd}.log</FileNamePattern>
                <!--日志文件保留天数 -->
                <MaxHistory>7</MaxHistory>
            </rollingPolicy>
            <encoder>
                <pattern>[%d{yyyy-MM-dd HH:mm:ss.SSS}][%thread][%p][%logger{0}] %m%n</pattern>
                <charset>UTF-8</charset>
            </encoder>
        </appender>
        <appender name="WARN" class="ch.qos.logback.core.rolling.RollingFileAppender">
            <filter class="ch.qos.logback.classic.filter.LevelFilter">
                <level>WARN</level>
                <onMatch>ACCEPT</onMatch>
                <onMismatch>DENY</onMismatch>
            </filter>
            <rollingPolicy class="ch.qos.logback.core.rolling.TimeBasedRollingPolicy">
                <!--日志文件输出的文件名 -->
                <FileNamePattern>${LOG_HOME}/warn_%d{yyyy-MM-dd}.log</FileNamePattern>
                <!--日志文件保留天数 -->
                <MaxHistory>7</MaxHistory>
            </rollingPolicy>
            <encoder>
                <pattern>[%d{yyyy-MM-dd HH:mm:ss.SSS}][%thread][%p][%logger{0}] %m%n</pattern>
                <charset>UTF-8</charset>
            </encoder>
        </appender>
        <appender name="ERROR" class="ch.qos.logback.core.rolling.RollingFileAppender">
            <filter class="ch.qos.logback.classic.filter.LevelFilter">
                <level>ERROR</level>
                <onMatch>ACCEPT</onMatch>
                <onMismatch>DENY</onMismatch>
            </filter>
            <rollingPolicy class="ch.qos.logback.core.rolling.TimeBasedRollingPolicy">
                <!--日志文件输出的文件名 -->
                <FileNamePattern>${LOG_HOME}/error_%d{yyyy-MM-dd}.log</FileNamePattern>
                <!--日志文件保留天数 -->
                <MaxHistory>7</MaxHistory>
            </rollingPolicy>
            <encoder>
                <pattern>[%d{yyyy-MM-dd HH:mm:ss.SSS}][%thread][%p][%logger{0}] %m%n</pattern>
                <charset>UTF-8</charset>
            </encoder>
        </appender>
        <root level="debug">
            <appender-ref ref="INFO"/>
            <appender-ref ref="DEBUG"/>
            <appender-ref ref="WARN"/>
            <appender-ref ref="ERROR"/>
            <appender-ref ref="console"/>
        </root>
    </springProfile>
    <!-- 生产环境. -->
    <springProfile name="prod">
        <!--定义日志文件的存储地址 勿在 LogBack 的配置中使用相对路径 -->
        <property name="LOG_HOME" value="/logs/dmap/analysis-point-plus"/>
        <!-- 控制台输出 -->
        <appender name="console" class="ch.qos.logback.core.ConsoleAppender">
           <!-- <filter class="ch.qos.logback.classic.filter.LevelFilter">
                <level>INFO</level>
                <onMatch>ACCEPT</onMatch>
                <onMismatch>DENY</onMismatch>
            </filter>-->
            <encoder class="ch.qos.logback.classic.encoder.PatternLayoutEncoder">
                <!--格式化输出：%d表示日期，%thread表示线程名，%-5level：级别从左显示5个字符宽度%msg：日志消息，%n是换行符 -->
                <pattern>%d{yyyy-MM-dd HH:mm:ss.SSS} [%thread] %-5level %logger{50} -%msg%n</pattern>
            </encoder>
        </appender>
        <!-- 按照每天生成日志文件 -->
        <appender name="INFO" class="ch.qos.logback.core.rolling.RollingFileAppender">
            <filter class="ch.qos.logback.classic.filter.LevelFilter">
                <level>INFO</level>
                <onMatch>ACCEPT</onMatch>
                <onMismatch>DENY</onMismatch>
            </filter>
            <rollingPolicy class="ch.qos.logback.core.rolling.TimeBasedRollingPolicy">
                <!--日志文件输出的文件名 -->
                <FileNamePattern>${LOG_HOME}/info_%d{yyyy-MM-dd}.log</FileNamePattern>
                <!--日志文件保留天数 -->
                <MaxHistory>7</MaxHistory>
            </rollingPolicy>
            <encoder>
                <pattern>[%d{yyyy-MM-dd HH:mm:ss.SSS}][%thread][%p][%logger{0}] %m%n</pattern>
                <charset>UTF-8</charset>
            </encoder>
        </appender>
        <appender name="DEBUG" class="ch.qos.logback.core.rolling.RollingFileAppender">
            <filter class="ch.qos.logback.classic.filter.LevelFilter">
                <level>DEBUG</level>
                <onMatch>ACCEPT</onMatch>
                <onMismatch>DENY</onMismatch>
            </filter>
            <rollingPolicy class="ch.qos.logback.core.rolling.TimeBasedRollingPolicy">
                <!--日志文件输出的文件名 -->
                <FileNamePattern>${LOG_HOME}/debug_%d{yyyy-MM-dd}.log</FileNamePattern>
                <!--日志文件保留天数 -->
                <MaxHistory>7</MaxHistory>
            </rollingPolicy>
            <encoder>
                <pattern>[%d{yyyy-MM-dd HH:mm:ss.SSS}][%thread][%p][%logger{0}] %m%n</pattern>
                <charset>UTF-8</charset>
            </encoder>
        </appender>
        <appender name="WARN" class="ch.qos.logback.core.rolling.RollingFileAppender">
            <filter class="ch.qos.logback.classic.filter.LevelFilter">
                <level>WARN</level>
                <onMatch>ACCEPT</onMatch>
                <onMismatch>DENY</onMismatch>
            </filter>
            <rollingPolicy class="ch.qos.logback.core.rolling.TimeBasedRollingPolicy">
                <!--日志文件输出的文件名 -->
                <FileNamePattern>${LOG_HOME}/warn_%d{yyyy-MM-dd}.log</FileNamePattern>
                <!--日志文件保留天数 -->
                <MaxHistory>7</MaxHistory>
            </rollingPolicy>
            <encoder>
                <pattern>[%d{yyyy-MM-dd HH:mm:ss.SSS}][%thread][%p][%logger{0}] %m%n</pattern>
                <charset>UTF-8</charset>
            </encoder>
        </appender>
        <appender name="ERROR" class="ch.qos.logback.core.rolling.RollingFileAppender">
            <filter class="ch.qos.logback.classic.filter.LevelFilter">
                <level>ERROR</level>
                <onMatch>ACCEPT</onMatch>
                <onMismatch>DENY</onMismatch>
            </filter>
            <rollingPolicy class="ch.qos.logback.core.rolling.TimeBasedRollingPolicy">
                <!--日志文件输出的文件名 -->
                <FileNamePattern>${LOG_HOME}/error_%d{yyyy-MM-dd}.log</FileNamePattern>
                <!--日志文件保留天数 -->
                <MaxHistory>7</MaxHistory>
            </rollingPolicy>
            <encoder>
                <pattern>[%d{yyyy-MM-dd HH:mm:ss.SSS}][%thread][%p][%logger{0}] %m%n</pattern>
                <charset>UTF-8</charset>
            </encoder>
        </appender>
        <appender name="logstashTcp" class="net.logstash.logback.appender.LogstashTcpSocketAppender">
            <destination>172.16.0.6:22021</destination>
            <encoder class="net.logstash.logback.encoder.LoggingEventCompositeJsonEncoder">
                <providers>
                    <timestamp>
                        <timeZone>UTC</timeZone>
                    </timestamp>
                    <pattern>
                        <pattern>
                            {
                            "level": "%level",
                            "service": "${springAppName:-}",
                            "trace": "%X{X-B3-TraceId:-}",
                            "span": "%X{X-B3-SpanId:-}",
                            "exportable": "%X{X-Span-Export:-}",
                            "pid": "${PID:-}",
                            "thread": "%thread",
                            "class": "%logger{100}",
                            "message": "%message{3000}"
                            }
                        </pattern>
                    </pattern>
                </providers>
            </encoder>
        </appender>
        <root level="debug">
            <appender-ref ref="logstashTcp"/>
            <appender-ref ref="INFO"/>
            <appender-ref ref="DEBUG"/>
            <appender-ref ref="WARN"/>
            <appender-ref ref="ERROR"/>
            <appender-ref ref="console"/>
        </root>
    </springProfile>
</configuration>